-- phpMyAdmin SQL Dump
-- version 5.0.1
-- https://www.phpmyadmin.net/
--
-- Host: localhost
-- Waktu pembuatan: 21 Apr 2021 pada 02.10
-- Versi server: 10.4.11-MariaDB
-- Versi PHP: 7.2.28

SET SQL_MODE = "NO_AUTO_VALUE_ON_ZERO";
SET AUTOCOMMIT = 0;
START TRANSACTION;
SET time_zone = "+00:00";


/*!40101 SET @OLD_CHARACTER_SET_CLIENT=@@CHARACTER_SET_CLIENT */;
/*!40101 SET @OLD_CHARACTER_SET_RESULTS=@@CHARACTER_SET_RESULTS */;
/*!40101 SET @OLD_COLLATION_CONNECTION=@@COLLATION_CONNECTION */;
/*!40101 SET NAMES utf8mb4 */;

--
-- Database: `bais_db`
--

-- --------------------------------------------------------

--
-- Struktur dari tabel `absensi`
--

CREATE TABLE `absensi` (
  `npk` int(6) NOT NULL,
  `shift` varchar(5) NOT NULL,
  `date_in` date NOT NULL,
  `date_out` date NOT NULL,
  `in` time NOT NULL,
  `out` time NOT NULL,
  `ket` varchar(2) NOT NULL
) ENGINE=InnoDB DEFAULT CHARSET=latin1;

--
-- Dumping data untuk tabel `absensi`
--

INSERT INTO `absensi` (`npk`, `shift`, `date_in`, `date_out`, `in`, `out`, `ket`) VALUES
(44131, 'B', '2021-04-20', '2021-04-20', '06:08:58', '16:08:58', 'M');

-- --------------------------------------------------------

--
-- Struktur dari tabel `attendance_code`
--

CREATE TABLE `attendance_code` (
  `kode` varchar(4) NOT NULL,
  `keterangan` varchar(10) NOT NULL,
  `point` int(5) NOT NULL
) ENGINE=InnoDB DEFAULT CHARSET=utf8mb4;

-- --------------------------------------------------------

--
-- Struktur dari tabel `company`
--

CREATE TABLE `company` (
  `id_company` varchar(5) NOT NULL,
  `nama` varchar(50) NOT NULL,
  `npk_cord` int(10) NOT NULL
) ENGINE=InnoDB DEFAULT CHARSET=latin1;

--
-- Dumping data untuk tabel `company`
--

INSERT INTO `company` (`id_company`, `nama`, `npk_cord`) VALUES
('1', 'P4', 44131);

-- --------------------------------------------------------

--
-- Struktur dari tabel `data_user`
--

CREATE TABLE `data_user` (
  `id_user` varchar(50) NOT NULL,
  `username` varchar(10) NOT NULL,
  `npk` int(10) NOT NULL,
  `nama` varchar(50) NOT NULL,
  `pass` char(40) NOT NULL,
  `level` enum('ad','as','fr','gu','mg','sa','sh','su') NOT NULL
) ENGINE=InnoDB DEFAULT CHARSET=latin1;

--
-- Dumping data untuk tabel `data_user`
--

INSERT INTO `data_user` (`id_user`, `username`, `npk`, `nama`, `pass`, `level`) VALUES
('60df8628-a196-11eb-85c9-c82a1415bde6', 'syadmin', 673784, 'rio', 'sistemadmin', 'as'),
('c40023e0-a194-11eb-85c9-c82a1415bde6', 'sadmin', 32827, 'roy', '889a3a791b3875cfae413574b53da4bb8a90d53e', 'sa'),
('cbc2c9a2-a18a-11eb-b02d-c82a1415bde6', 'admin', 44131, '', 'd033e22ae348aeb5660fc2140aec35850c4da997', 'ad');

-- --------------------------------------------------------

--
-- Struktur dari tabel `department`
--

CREATE TABLE `department` (
  `id_dept` varchar(5) NOT NULL,
  `dept` varchar(40) NOT NULL,
  `npk_cord` int(6) NOT NULL,
  `id_div` varchar(50) NOT NULL
) ENGINE=InnoDB DEFAULT CHARSET=latin1;

--
-- Dumping data untuk tabel `department`
--

INSERT INTO `department` (`id_dept`, `dept`, `npk_cord`, `id_div`) VALUES
('PJ', 'PROJECT', 32827, '1'),
('PR', 'PRODUKSI', 36067, '1'),
('QT', 'QUALITY', 40549, '1');

-- --------------------------------------------------------

--
-- Struktur dari tabel `dept_account`
--

CREATE TABLE `dept_account` (
  `id_dept_account` varchar(5) NOT NULL,
  `department_account` varchar(50) NOT NULL,
  `npk_dept` int(10) NOT NULL,
  `id_div` varchar(50) NOT NULL,
  `dept_head` varchar(50) NOT NULL
) ENGINE=InnoDB DEFAULT CHARSET=latin1;

--
-- Dumping data untuk tabel `dept_account`
--

INSERT INTO `dept_account` (`id_dept_account`, `department_account`, `npk_dept`, `id_div`, `dept_head`) VALUES
('BODY1', 'BODY PLANT 1', 24908, '1', ''),
('BODY2', 'BODY PLANT 2', 32827, '1', ''),
('BQC', 'BODY QUALITY CONTROL', 40549, '1', '');

-- --------------------------------------------------------

--
-- Struktur dari tabel `division`
--

CREATE TABLE `division` (
  `id_div` varchar(10) NOT NULL,
  `nama_divisi` varchar(20) NOT NULL,
  `npk_cord` int(20) NOT NULL,
  `id_company` varchar(10) NOT NULL
) ENGINE=InnoDB DEFAULT CHARSET=latin1;

--
-- Dumping data untuk tabel `division`
--

INSERT INTO `division` (`id_div`, `nama_divisi`, `npk_cord`, `id_company`) VALUES
('1', 'BODY PLANT', 24908, '1');

-- --------------------------------------------------------

--
-- Struktur dari tabel `groupfrm`
--

CREATE TABLE `groupfrm` (
  `id_group` varchar(10) NOT NULL,
  `nama_group` varchar(40) NOT NULL,
  `npk_cord` int(6) NOT NULL,
  `id_section` varchar(10) NOT NULL
) ENGINE=InnoDB DEFAULT CHARSET=latin1;

--
-- Dumping data untuk tabel `groupfrm`
--

INSERT INTO `groupfrm` (`id_group`, `nama_group`, `npk_cord`, `id_section`) VALUES
('PJ-DGT', 'DIGITALISASI', 62725, 'PJ-001'),
('PR-A02', 'UNDER BODY 1 D12L', 14664, 'PR-003'),
('PR-A04', 'SIDE MEMBER D12L', 14585, 'PR-005'),
('PR-A06', 'SIDE MEMBER D14N', 7021, 'PR-001'),
('PR-B01', 'MAIN BODY ', 7180, 'PR-002'),
('PR-B03', 'SIDE MEMBER D14N', 7271, 'PR-002'),
('PR-B04', 'MAIN BODY', 21675, 'PR-002'),
('PR-B05', 'UNDER BODY  2 D12L', 7203, 'PR-002'),
('PR-B06', 'SHELL BODY & M/FINISH', 25222, 'PR-002'),
('PR-B07', 'REPAIR MEKANIK', 7303, 'PR-002'),
('PR-UFA', 'UNDER FRONT  1 D12L', 7364, 'PR-A01'),
('PR-UFB', 'SIDE MEMBER D12L', 17731, 'PR-B02'),
('QT-AN1', 'UNDER FRONT  2 D12L', 19479, 'QT-001');

-- --------------------------------------------------------

--
-- Struktur dari tabel `jabatan`
--

CREATE TABLE `jabatan` (
  `id_jabatan` varchar(5) NOT NULL,
  `jabatan` varchar(20) NOT NULL,
  `level` int(2) NOT NULL
) ENGINE=InnoDB DEFAULT CHARSET=latin1;

--
-- Dumping data untuk tabel `jabatan`
--

INSERT INTO `jabatan` (`id_jabatan`, `jabatan`, `level`) VALUES
('ADH', 'ACT. DIV HEAD', 2),
('AFRM', 'ACT. FOREMAN', 8),
('AMNG', 'ACT. DEPARMENT HEAD', 4),
('ASPV', 'ACT. SUPERVISOR', 6),
('ATL', 'ACT. TEAM LEADER', 10),
('DH', 'DIVISION HEAD', 1),
('FRM', 'FOREMAN', 7),
('MNG', 'DEPARTMENT HEAD', 3),
('SPV', 'SUPERVISOR', 5),
('TL', 'TEAM LEADER', 9),
('TM', 'TEAM MEMBER', 11);

-- --------------------------------------------------------

--
-- Struktur dari tabel `karyawan`
--

CREATE TABLE `karyawan` (
  `npk` int(6) NOT NULL,
  `nama_depan` varchar(10) NOT NULL,
  `nama` varchar(50) NOT NULL,
  `tgl_masuk` date NOT NULL,
  `jabatan` varchar(20) NOT NULL,
  `shift` varchar(2) NOT NULL,
  `status` varchar(2) NOT NULL,
  `department` varchar(10) NOT NULL,
  `id_area` varchar(20) NOT NULL
) ENGINE=InnoDB DEFAULT CHARSET=latin1;

--
-- Dumping data untuk tabel `karyawan`
--

INSERT INTO `karyawan` (`npk`, `nama_depan`, `nama`, `tgl_masuk`, `jabatan`, `shift`, `status`, `department`, `id_area`) VALUES
(7021, 'SUSI', 'SUSILO', '2021-04-07', 'FRM', 'B', 'P', 'BODY1', 'PR-A06'),
(7180, 'JOKO', 'JOKOWI', '2021-03-01', 'FRM', 'B', 'P', 'BODY1', 'PR-B01'),
(7203, 'SOEHARTO', 'SOEHARTONO', '2021-04-15', 'FRM', 'B', 'P', 'BODY1', 'PR-B05'),
(7271, 'SOEKARNO', 'SOEKARNO HATTA', '2021-04-01', 'FRM', 'B', 'P', 'BODY1', 'PR-B03'),
(7303, 'MEGA', 'MEGA WATI', '2021-04-05', 'FRM', 'B', 'P', 'BODY1', ''),
(7364, 'GUS', 'GUS DOOR', '2021-04-04', 'FRM', 'B', 'P', 'BODY1', 'PR-UFA'),
(12001, 'RAHMAN', 'RAHMAN', '2021-03-01', 'TL', 'B', 'P', 'BODY2', 'QT-AN1'),
(12345, 'JONI', 'JONI SUHENDAR', '2021-03-01', 'TL', 'A', 'P', 'BODY2', 'DGT01'),
(14585, 'SUSILO', 'SUSILO BAMBANG YUDOYONO', '2021-03-01', 'FRM', 'B', 'P', 'BODY1', 'PR-A04'),
(14664, 'JANJI', 'JANJI JONI', '2009-03-01', 'FRM', 'N', 'B', 'BODY2', 'PR-A02'),
(17731, 'SBY', 'SUROBOYO', '2021-04-01', 'FRM', 'B', 'P', 'BODY1', 'PR-UFB'),
(19479, 'SUTIYOSO', 'BAMBANG SUTIO SOO', '2021-04-01', 'FRM', 'B', 'P', 'BODY1', 'QT-AN1'),
(21675, 'HATTA', 'HATTA HALILINTAR', '2021-04-01', 'FRM', 'B', 'B', 'BODY1', 'PR-B04'),
(24908, 'Fauzan', 'Fauzan Diaz', '0000-00-00', 'DH', 'N', 'P', 'BODY', '1'),
(25222, 'HABIBI', 'HABIBI NURMAGOMEDOV', '2021-04-14', 'FRM', 'B', 'P', 'BODY2', 'PR-B06'),
(32827, 'FATIH', 'ACHMAD FATKHUR ROKHMAN', '2009-03-01', 'MNG', 'N', 'P', 'BODY2', 'PJ'),
(36067, 'GIGIH', 'GIGIH ADICITA WIJAYA', '0000-00-00', 'MNG', 'N', 'P', 'BODY1', 'PR'),
(40549, 'DAVID', 'David Mahendra', '0000-00-00', 'MNG', 'N', 'P', 'BQC', 'QT'),
(40628, 'FAKHRI', 'FAKHRI RIZAL SANTOSA', '2021-03-01', 'TL', 'A', 'P', 'BODY1', 'DGT01'),
(44131, 'RIO', 'Rio Setiawan Judin', '2012-08-01', 'ATL', 'N', 'P', 'BODY2', 'DGT02'),
(44444, 'ANDI', 'ANDI ARYANTO', '2021-03-01', 'TL', 'B', 'P', 'BODY1', 'QT-AN1'),
(62725, 'JEPRI', 'JEPRI DHANI PRATAMA', '2009-03-01', 'FRM', 'N', 'P', 'BQC', 'PJ-DGT'),
(64630, 'Yukitaka', 'Yukitaka Narita', '0000-00-00', 'DH', 'N', 'P', 'BODY', '1'),
(65303, 'MOCHAMAD', 'MOCHAMAD RIFAI ARDAN NUGRAHA', '2019-04-15', 'SPV', 'A', 'K2', 'BODY2', 'PJ-001'),
(65532, 'ABDALAH', 'ABDALAH ABUDIYAN', '2009-08-15', 'TM', 'N', 'K1', 'BODY2', 'DGT02'),
(65537, 'AHLAD', 'AHLAD DZIKRI', '2009-08-15', 'TM', 'N', 'K1', 'BODY2', 'DGT02'),
(65698, 'Yoga', 'Yoga Ramadhan', '2010-08-01', 'SPV', 'N', 'P', 'BQC', 'QT-001'),
(66771, 'ALIF', 'ALIF NUR HIDAYAH', '2009-08-15', 'TM', 'B', 'K2', 'BODY2', 'DGT02'),
(66772, 'DIMAS', 'DIMAS ADI NUGROHO', '2009-08-15', 'TM', 'A', 'K2', 'BODY2', 'DGT02'),
(66774, 'PUAD', 'PUAD JAILANI', '2009-08-15', 'TM', 'A', 'K2', 'BODY2', 'DGT02'),
(66775, 'WISNU', 'WISNU SAPUTRA', '2009-08-15', 'TM', 'A', 'K2', 'BODY2', 'PJ'),
(66825, 'Riz', 'Riz Raharyan T', '2010-08-01', 'SPV', 'N', 'P', 'BQC', 'QT-002'),
(66863, 'AA', 'AA MOHAMMAD ARRSY', '2009-08-15', 'AFRM', 'B', 'K1', 'BODY2', 'PJ'),
(66865, 'AFIZH', 'AFIZH ARZAQO', '2009-08-15', 'FRM', 'B', 'K1', 'BODY2', 'PJ'),
(66866, 'AHMAD', 'AHMAD ZUHAELI', '2009-08-15', 'ATL', 'B', 'K1', 'BODY2', 'PJ'),
(66868, 'AKHMAD', 'AKHMAD MASHUDI', '2009-08-15', 'TL', 'B', 'K1', 'BODY2', 'PJ'),
(66869, 'ALDI', 'ALDI SEPTIYANO', '2009-08-15', 'TM', 'B', 'K1', 'BODY2', 'UFB01'),
(66871, 'SANDI', 'SANDI SEPTIAN R S', '2010-08-01', 'TM', 'B', 'K1', 'BODY2', 'UFB01'),
(66872, 'ARI', 'ARI ANDANI', '0000-00-00', 'TM', 'B', 'K1', 'BODY2', 'UFB01'),
(66873, 'ARIKSAN', 'ARIKSAN', '0000-00-00', 'TM', 'B', 'K1', 'BODY2', 'UFB01'),
(66877, 'FARKAN', 'FARKAN PATHU ROHMAN', '0000-00-00', 'TM', 'A', 'K1', 'BODY2', 'UFA01'),
(66878, 'HAMZAH', 'HAMZAH MAULANA', '2009-08-15', 'TM', 'A', 'K1', 'BODY2', 'UFA01'),
(66879, 'KRISNA', 'KRISNA INDRA SASONGKO', '2009-08-15', 'TM', 'A', 'K1', 'BODY2', 'UFA01'),
(66880, 'LUPI', 'LUPI PRIYANTO', '2009-08-15', 'TM', 'A', 'K1', 'BODY2', 'UFA01'),
(66881, 'MOHAMMAD', 'MOHAMMAD RAFLI', '2009-08-15', 'TM', 'A', 'K1', 'BODY2', 'UFA01'),
(66882, 'RIO', 'RIO AGUSTINO', '2009-08-15', 'TM', 'A', 'K1', 'BODY2', 'UFA01'),
(66883, 'RISKI', 'RISKI YANTO', '2009-08-15', 'TM', 'A', 'K1', 'BODY2', 'UFA01');

-- --------------------------------------------------------

--
-- Struktur dari tabel `kode_lembur`
--

CREATE TABLE `kode_lembur` (
  `kode_lembur` varchar(10) NOT NULL,
  `nama` varchar(50) NOT NULL
) ENGINE=InnoDB DEFAULT CHARSET=latin1;

--
-- Dumping data untuk tabel `kode_lembur`
--

INSERT INTO `kode_lembur` (`kode_lembur`, `nama`) VALUES
('5S', 'STANDARISASI 5S'),
('IMP', 'IMPROVEMENT'),
('OTHER', 'OTHER ACTIVITY'),
('PRD', 'PRODUKSI'),
('PRJ', 'PROJECT'),
('SO', 'SAFETY OFFICER'),
('SOD', 'SUPPORT OTHER DEPARTMENT'),
('SP', 'SERVICE PART'),
('TPM', 'MAINTENANCE PRODUKSI'),
('TR', 'TRAINING');

-- --------------------------------------------------------

--
-- Struktur dari tabel `lembur`
--

CREATE TABLE `lembur` (
  `_id` varchar(50) NOT NULL,
  `kode_lembur` varchar(30) NOT NULL,
  `requester` int(10) NOT NULL,
  `npk` int(10) NOT NULL,
  `in_date` date NOT NULL,
  `out_date` date NOT NULL,
  `in_lembur` time NOT NULL,
  `out_lembur` time NOT NULL,
  `kode_job` varchar(5) NOT NULL,
  `aktifitas` varchar(50) NOT NULL,
  `tanggal_input` timestamp NOT NULL DEFAULT current_timestamp() ON UPDATE current_timestamp(),
  `status_approve` enum('0','25','50','75','100') NOT NULL,
  `status` enum('a','b','c') NOT NULL
) ENGINE=InnoDB DEFAULT CHARSET=latin1;

--
-- Dumping data untuk tabel `lembur`
--

INSERT INTO `lembur` (`_id`, `kode_lembur`, `requester`, `npk`, `in_date`, `out_date`, `in_lembur`, `out_lembur`, `kode_job`, `aktifitas`, `tanggal_input`, `status_approve`, `status`) VALUES
('02335287-7b9b-4214-98eb-e2862b85ec22', 'B/BODY2-2021/IV/19/DGT02-1804', 44131, 66878, '2021-04-19', '2021-04-19', '14:45:00', '14:45:00', 'PRJ', 'Test lagi', '2021-04-18 07:32:46', '0', 'a'),
('02d17922-57a2-4b35-be45-ac983acdfbe7', 'B/BODY2-2021/IV/01/DGT02-1704', 44131, 65532, '2021-04-18', '2021-04-18', '00:45:00', '00:45:00', 'IMP', 'tes', '2021-04-17 18:08:58', '0', 'a'),
('0524389b-df41-4236-a19d-215457cc2978', 'B/BODY2-2021/IV/13/DGT02-1804', 44131, 66775, '2021-04-18', '2021-04-18', '14:45:00', '14:45:00', 'PRD', 'kgkgkghafkgkgasfsfg', '2021-04-18 07:45:38', '0', 'a'),
('05531d33-1a5c-4ad7-a3fe-e7f734133877', 'B/BODY2-2021/IV/18/DGT02-1804', 44131, 66863, '2021-04-18', '2021-04-18', '01:15:00', '01:15:00', 'IMP', 'tes 2', '2021-04-17 18:18:58', '0', 'a'),
('06d8b34e-3ecf-43ec-95b1-cf720416e311', 'B/BODY2-2021/IV/19/DGT02-1804', 44131, 66868, '2021-04-19', '2021-04-19', '14:45:00', '14:45:00', 'PRJ', 'Test lagi', '2021-04-18 07:32:45', '0', 'a'),
('075c90e8-2a62-4141-98f5-8b3afb078576', 'B/BODY2-2021/IV/13/DGT02-1804', 44131, 65532, '2021-04-18', '2021-04-18', '14:45:00', '14:45:00', 'PRD', 'kgkgkghafkgkgasfsfg', '2021-04-18 07:45:38', '0', 'a'),
('088997d5-c99d-435e-a51f-b27b0c53eed9', 'B/BODY2-2021/IV/18/DGT02-1804', 44131, 66868, '2021-04-18', '2021-04-18', '16:45:00', '20:00:00', 'IMP', 'TES InPUT', '2021-04-18 00:34:38', '0', 'a'),
('08fbf6d3-08d8-4b24-abc2-c2a041817255', 'B/BODY2-2021/IV/18/DGT02-1804', 44131, 66863, '2021-04-18', '2021-04-18', '08:15:00', '08:15:00', 'OTHER', 'Tes 3', '2021-04-18 01:13:02', '0', 'a'),
('0913b98b-5a5c-4874-abc4-9d703078d890', 'B/BODY2-2021/IV/18/DGT02-1804', 44131, 66865, '2021-04-18', '2021-04-18', '01:15:00', '01:15:00', 'IMP', 'tes 2', '2021-04-17 18:14:21', '0', 'a'),
('09fe61df-7ea7-4afe-8140-3b0b9fa7c896', 'B/BODY2-2021/IV/01/DGT02-1704', 44131, 66774, '2021-04-18', '2021-04-18', '00:45:00', '00:45:00', 'IMP', 'tes', '2021-04-17 18:08:58', '0', 'a'),
('0c06d702-a1bf-40a9-b56a-0e511c399b74', 'B/BODY2-2021/IV/01/DGT02-1704', 44131, 66772, '2021-04-18', '2021-04-18', '00:45:00', '00:45:00', 'IMP', 'tes', '2021-04-17 18:08:58', '0', 'a'),
('0d2095d5-6c77-4e51-9c23-0c2fda01eb1d', 'B/BODY2-2021/IV/01/DGT02-1704', 44131, 44444, '2021-04-18', '2021-04-18', '00:45:00', '00:45:00', 'IMP', 'tes', '2021-04-17 18:08:58', '0', 'a'),
('0d5a5207-2cbb-46e2-bbaa-344565d579e3', 'B/BODY2-2021/IV/19/DGT02-1804', 44131, 12001, '2021-04-18', '2021-04-18', '13:45:00', '13:45:00', 'PRD', 'tes', '2021-04-18 06:34:31', '0', 'a'),
('101c1744-b94d-46aa-a811-6d62bf57af5e', 'B/BODY2-2021/IV/19/DGT02-1804', 44131, 14585, '2021-04-18', '2021-04-18', '13:45:00', '13:45:00', 'PRD', 'tes', '2021-04-18 06:34:31', '0', 'a'),
('10b282d7-457c-4810-a8a7-098daf6ad89b', 'B/BODY2-2021/IV/18/DGT02-1804', 44131, 40628, '2021-04-18', '2021-04-18', '16:45:00', '20:00:00', 'IMP', 'TES InPUT', '2021-04-18 00:34:38', '0', 'a'),
('10d8ee99-ebc1-4b06-b789-bf0abe553a34', 'B/BODY2-2021/IV/18/DGT02-1804', 44131, 66863, '2021-04-18', '2021-04-18', '08:45:00', '08:45:00', 'PRJ', 'kgkgkghafkgkgasfsfg tes lagi', '2021-04-18 01:38:15', '0', 'a'),
('12424e85-835c-4ca1-b070-b02ae8bcaca6', 'B/BODY2-2021/IV/01/DGT02-1704', 44131, 66771, '2021-04-18', '2021-04-18', '00:45:00', '00:45:00', 'IMP', 'tes', '2021-04-17 18:08:58', '0', 'a'),
('138f334e-f956-4603-8090-b16d139e4b66', 'B/BODY2-2021/IV/19/DGT02-1804', 44131, 66865, '2021-04-19', '2021-04-19', '14:45:00', '14:45:00', 'PRJ', 'Test lagi', '2021-04-18 07:32:45', '0', 'a'),
('1453aa43-2a5b-4fff-92b8-87c13683f04c', 'B/BODY2-2021/IV/19/DGT02-1804', 44131, 14664, '2021-04-19', '2021-04-19', '14:45:00', '14:45:00', 'PRJ', 'Test lagi', '2021-04-18 07:32:46', '0', 'a'),
('14cdb731-29dd-4043-a7ec-105ce6bb4f3e', 'B/BODY2-2021/IV/13/DGT02-1804', 44131, 66772, '2021-04-18', '2021-04-18', '14:45:00', '14:45:00', 'PRD', 'kgkgkghafkgkgasfsfg', '2021-04-18 07:45:38', '0', 'a'),
('159213ac-3dfb-412e-b92b-c1fd6b85ce5c', 'B/BODY2-2021/IV/19/DGT02-1804', 44131, 14585, '2021-04-19', '2021-04-19', '14:45:00', '14:45:00', 'PRJ', 'Test lagi', '2021-04-18 07:32:46', '0', 'a'),
('166947e3-9d42-4055-ad29-af303dbd8d1c', 'B/BODY2-2021/IV/18/DGT02-1804', 44131, 66863, '2021-04-18', '2021-04-18', '08:45:00', '08:45:00', 'PRJ', 'kgkgkghafkgkgasfsfg tes lagi', '2021-04-18 01:37:38', '0', 'a'),
('1a0a9924-7965-42db-83ca-494f6aed86cb', 'B/BODY2-2021/IV/19/DGT02-1804', 44131, 19479, '2021-04-18', '2021-04-18', '13:45:00', '13:45:00', 'PRD', 'tes', '2021-04-18 06:34:31', '0', 'a'),
('1a2f51b6-f2c1-499c-bf4e-df9b67b3540d', 'B/BODY2-2021/IV/18/DGT02-1804', 44131, 44131, '2021-04-18', '2021-04-18', '16:45:00', '20:00:00', 'IMP', 'TES InPUT', '2021-04-18 00:34:38', '0', 'a'),
('1a574aea-569c-41f3-97bc-377589176d1d', 'B/BODY2-2021/IV/13/DGT02-1804', 44131, 66774, '2021-04-18', '2021-04-18', '14:45:00', '14:45:00', 'PRD', 'kgkgkghafkgkgasfsfg', '2021-04-18 07:45:38', '0', 'a'),
('1a764100-1110-4d87-bc80-d5009f8c23d4', 'B/BODY2-2021/IV/19/DGT02-1804', 44131, 66878, '2021-04-18', '2021-04-18', '13:45:00', '13:45:00', 'PRD', 'tes', '2021-04-18 06:34:31', '0', 'a'),
('1a8a5e92-8e02-4c6c-a09d-01c0c9340ef5', 'B/BODY2-2021/IV/19/DGT02-1804', 44131, 66771, '2021-04-19', '2021-04-19', '14:45:00', '14:45:00', 'PRJ', 'Test lagi', '2021-04-18 07:32:46', '0', 'a'),
('1b52ee22-4c31-4b5c-9070-19ed38143d5d', 'B/BODY2-2021/IV/19/DGT02-1804', 44131, 66774, '2021-04-18', '2021-04-18', '13:45:00', '13:45:00', 'PRD', 'tes', '2021-04-18 06:34:31', '0', 'a'),
('1daeb12c-8dda-43a4-91ee-828f9281ac28', 'B/BODY2-2021/IV/18/DGT02-1804', 44131, 66865, '2021-04-18', '2021-04-18', '08:15:00', '08:15:00', 'PRJ', 'tes 4', '2021-04-18 01:16:22', '0', 'a'),
('241e39b5-a2ca-4493-bd30-69c7caecf90a', 'B/BODY2-2021/IV/18/DGT02-1804', 44131, 66865, '2021-04-18', '2021-04-18', '01:15:00', '01:15:00', 'IMP', 'tes 2', '2021-04-17 18:17:58', '0', 'a'),
('26ac6eb0-4f91-444e-a9bd-87ef63051990', 'B/BODY2-2021/IV/19/DGT02-1804', 44131, 14664, '2021-04-18', '2021-04-18', '13:45:00', '13:45:00', 'PRD', 'tes', '2021-04-18 06:34:31', '0', 'a'),
('28a24543-0ee8-4b93-8ad3-faadc147418e', 'B/BODY2-2021/IV/01/DGT02-1704', 44131, 66772, '2021-04-18', '2021-04-18', '00:45:00', '00:45:00', 'IMP', 'tes', '2021-04-17 18:13:08', '0', 'a'),
('2a1f3f79-f876-472e-a94f-a6196f7c6978', 'B/BODY2-2021/IV/18/DGT02-1804', 44131, 44444, '2021-04-18', '2021-04-18', '16:45:00', '20:00:00', 'IMP', 'TES InPUT', '2021-04-18 00:34:38', '0', 'a'),
('2a923b18-ff26-414b-a88d-e320acda8e25', 'B/BODY2-2021/IV/19/DGT02-1804', 44131, 66877, '2021-04-18', '2021-04-18', '13:45:00', '13:45:00', 'PRD', 'tes', '2021-04-18 06:34:31', '0', 'a'),
('2ae93046-c465-4708-b022-09b0f0015e45', 'B/BODY2-2021/IV/01/DGT02-1704', 44131, 12345, '2021-04-18', '2021-04-18', '00:45:00', '00:45:00', 'IMP', 'tes', '2021-04-17 18:08:58', '0', 'a'),
('2cd29254-9976-4036-94de-e01019b78f45', 'B/BODY2-2021/IV/19/DGT02-1804', 44131, 66774, '2021-04-19', '2021-04-19', '14:45:00', '14:45:00', 'PRJ', 'Test lagi', '2021-04-18 07:32:45', '0', 'a'),
('2e650903-54db-429a-b28f-074293636e8f', 'B/BODY2-2021/IV/18/DGT02-1804', 44131, 66879, '2021-04-18', '2021-04-18', '16:45:00', '20:00:00', 'IMP', 'TES InPUT', '2021-04-18 00:34:38', '0', 'a'),
('2e7c575b-22d6-4cbc-8042-c181b250176e', 'B/BODY2-2021/IV/18/DGT02-1804', 44131, 66865, '2021-04-18', '2021-04-18', '08:45:00', '08:45:00', 'PRJ', 'kgkgkghafkgkgasfsfg tes lagi', '2021-04-18 01:37:38', '0', 'a'),
('2ed6809b-414b-4c6f-8907-90e6a6f8cd1f', 'B/BODY2-2021/IV/18/DGT02-1804', 44131, 65537, '2021-04-18', '2021-04-18', '16:45:00', '20:00:00', 'IMP', 'TES InPUT', '2021-04-18 00:34:38', '0', 'a'),
('30ecc369-1354-47b9-9331-cf8a5248b690', 'B/BODY2-2021/IV/19/DGT02-1804', 44131, 66775, '2021-04-19', '2021-04-19', '14:45:00', '14:45:00', 'PRJ', 'Test lagi', '2021-04-18 07:32:45', '0', 'a'),
('31d515da-d2c7-4b4c-9096-776e37690f51', 'B/BODY2-2021/IV/19/DGT02-1804', 44131, 40628, '2021-04-19', '2021-04-19', '14:45:00', '14:45:00', 'PRJ', 'Test lagi', '2021-04-18 07:32:45', '0', 'a'),
('330e0947-c6a9-4865-9e16-5fc8feb521fc', 'B/BODY2-2021/IV/19/DGT02-1804', 44131, 66865, '2021-04-18', '2021-04-18', '13:45:00', '13:45:00', 'PRD', 'tes', '2021-04-18 06:34:31', '0', 'a'),
('3353d834-ac70-4f9b-987f-48e028e7f609', 'B/BODY2-2021/IV/01/DGT02-1704', 44131, 65537, '2021-04-18', '2021-04-18', '00:45:00', '00:45:00', 'IMP', 'tes', '2021-04-17 18:08:58', '0', 'a'),
('33b1ae1e-e41a-4450-831e-40c169af34ba', 'B/BODY2-2021/IV/19/DGT02-1804', 44131, 66882, '2021-04-18', '2021-04-18', '13:45:00', '13:45:00', 'PRD', 'tes', '2021-04-18 06:34:31', '0', 'a'),
('360e00f9-3caf-48c2-af3e-f00a164652e1', 'B/BODY2-2021/IV/19/DGT02-1804', 44131, 62725, '2021-04-19', '2021-04-19', '14:45:00', '14:45:00', 'PRJ', 'Test lagi', '2021-04-18 07:32:45', '0', 'a'),
('37ad86bb-53bb-4e0a-be68-ba2e2584da63', 'B/BODY2-2021/IV/01/DGT02-1704', 44131, 66868, '2021-04-18', '2021-04-18', '00:45:00', '00:45:00', 'IMP', 'tes', '2021-04-17 18:08:58', '0', 'a'),
('3d89e665-443d-4571-a0dd-e1dfd498ae9e', 'B/BODY2-2021/IV/18/DGT02-1804', 44131, 66880, '2021-04-18', '2021-04-18', '16:45:00', '20:00:00', 'IMP', 'TES InPUT', '2021-04-18 00:34:38', '0', 'a'),
('3de4fab6-a0df-45d8-a94f-0b7ce38c6009', 'B/BODY2-2021/IV/13/DGT02-1804', 44131, 12345, '2021-04-18', '2021-04-18', '14:45:00', '14:45:00', 'PRD', 'kgkgkghafkgkgasfsfg', '2021-04-18 07:45:38', '0', 'a'),
('42598b6f-11a5-4f4b-9e7a-81b4d8b392e8', 'B/BODY2-2021/IV/18/DGT02-1804', 44131, 66866, '2021-04-18', '2021-04-18', '16:45:00', '20:00:00', 'IMP', 'TES InPUT', '2021-04-18 00:34:38', '0', 'a'),
('42ea0a9e-c3f2-4915-9e8b-7a15d9be4c85', 'B/BODY2-2021/IV/18/DGT02-1804', 44131, 65532, '2021-04-18', '2021-04-18', '16:45:00', '20:00:00', 'IMP', 'TES InPUT', '2021-04-18 00:34:38', '0', 'a'),
('43c92fce-c0ad-47dd-8f88-b4b8530e5e46', 'B/BODY2-2021/IV/18/DGT02-1804', 44131, 12345, '2021-04-18', '2021-04-18', '16:45:00', '20:00:00', 'IMP', 'TES InPUT', '2021-04-18 00:34:38', '0', 'a'),
('44b8a0b7-be6d-4258-bba0-cea7d2dcabab', 'B/BODY2-2021/IV/18/DGT02-1804', 44131, 66865, '2021-04-18', '2021-04-18', '16:45:00', '20:00:00', 'IMP', 'TES InPUT', '2021-04-18 00:34:37', '0', 'a'),
('453fb670-6428-4ea0-8ea8-d7866bf03a77', 'B/BODY2-2021/IV/13/DGT02-1804', 44131, 66880, '2021-04-18', '2021-04-18', '14:45:00', '14:45:00', 'PRD', 'kgkgkghafkgkgasfsfg', '2021-04-18 07:45:38', '0', 'a'),
('45e80e56-cfc5-42a4-86e8-fe78929671ba', 'B/BODY2-2021/IV/01/DGT02-1704', 44131, 12001, '2021-04-18', '2021-04-18', '00:45:00', '00:45:00', 'IMP', 'tes', '2021-04-17 18:08:58', '0', 'a'),
('462a94e8-fe90-40f9-9db7-3fe7e481fb1b', 'B/BODY2-2021/IV/01/DGT02-1704', 44131, 65537, '2021-04-18', '2021-04-18', '00:45:00', '00:45:00', 'IMP', 'tes', '2021-04-17 18:13:08', '0', 'a'),
('47caaa2e-ee37-4f7d-a542-8bd832687d4b', 'B/BODY2-2021/IV/01/DGT02-1704', 44131, 66877, '2021-04-18', '2021-04-18', '00:45:00', '00:45:00', 'IMP', 'tes', '2021-04-17 18:13:08', '0', 'a'),
('49b7a151-dbf3-449c-a0aa-69eeb32f2936', 'B/BODY2-2021/IV/19/DGT02-1804', 44131, 66863, '2021-04-18', '2021-04-18', '13:45:00', '13:45:00', 'PRD', 'tes', '2021-04-18 06:34:31', '0', 'a'),
('49db14a2-e91e-48fa-ac0c-d74fb20febc7', 'B/BODY2-2021/IV/01/DGT02-1704', 44131, 14664, '2021-04-18', '2021-04-18', '00:45:00', '00:45:00', 'IMP', 'tes', '2021-04-17 18:13:08', '0', 'a'),
('4a908626-43ad-4779-97c6-e36b96453949', 'B/BODY2-2021/IV/01/DGT02-1704', 44131, 66879, '2021-04-18', '2021-04-18', '00:45:00', '00:45:00', 'IMP', 'tes', '2021-04-17 18:08:58', '0', 'a'),
('4c011620-114a-47e4-b3c8-de0be41b6043', 'B/BODY2-2021/IV/19/DGT02-1804', 44131, 66877, '2021-04-19', '2021-04-19', '14:45:00', '14:45:00', 'PRJ', 'Test lagi', '2021-04-18 07:32:46', '0', 'a'),
('4cf2ea4b-2994-4aed-8bff-eb9577ecc91b', 'B/BODY2-2021/IV/01/DGT02-1704', 44131, 66863, '2021-04-18', '2021-04-18', '00:45:00', '00:45:00', 'IMP', 'tes', '2021-04-17 18:08:58', '0', 'a'),
('4e236ca4-6c92-4238-bd3f-87ed1bfd4f59', 'B/BODY2-2021/IV/01/DGT02-1704', 44131, 44444, '2021-04-18', '2021-04-18', '00:45:00', '00:45:00', 'IMP', 'tes', '2021-04-17 18:13:08', '0', 'a'),
('4f8b8285-a160-448a-884c-17f14e721a1b', 'B/BODY2-2021/IV/18/DGT02-1804', 44131, 66866, '2021-04-18', '2021-04-18', '08:45:00', '08:45:00', 'PRJ', 'kgkgkghafkgkgasfsfg tes lagi', '2021-04-18 01:38:15', '0', 'a'),
('4f952075-a4dc-4dd0-8169-e9488312c4d1', 'B/BODY2-2021/IV/13/DGT02-1804', 44131, 66771, '2021-04-18', '2021-04-18', '14:45:00', '14:45:00', 'PRD', 'kgkgkghafkgkgasfsfg', '2021-04-18 07:45:38', '0', 'a'),
('4f95bf54-d1ae-4c55-86a5-edabdecc04bd', 'B/BODY2-2021/IV/19/DGT02-1804', 44131, 66880, '2021-04-18', '2021-04-18', '13:45:00', '13:45:00', 'PRD', 'tes', '2021-04-18 06:34:31', '0', 'a'),
('51afba99-396b-4d89-8a4a-0c30f5a32fba', 'B/BODY2-2021/IV/13/DGT02-1804', 44131, 66881, '2021-04-18', '2021-04-18', '14:45:00', '14:45:00', 'PRD', 'kgkgkghafkgkgasfsfg', '2021-04-18 07:45:38', '0', 'a'),
('51bb1f71-4a04-43f1-b61b-228991a17f67', 'B/BODY2-2021/IV/01/DGT02-1704', 44131, 66882, '2021-04-18', '2021-04-18', '00:45:00', '00:45:00', 'IMP', 'tes', '2021-04-17 18:08:58', '0', 'a'),
('5537a884-f267-4232-8d42-c21dd4adbbbe', 'B/BODY2-2021/IV/19/DGT02-1804', 44131, 65532, '2021-04-18', '2021-04-18', '13:45:00', '13:45:00', 'PRD', 'tes', '2021-04-18 06:34:31', '0', 'a'),
('5809c765-f4da-4b0a-ad2d-505603ecda5c', 'B/BODY2-2021/IV/01/DGT02-1704', 44131, 40628, '2021-04-18', '2021-04-18', '00:45:00', '00:45:00', 'IMP', 'tes', '2021-04-17 18:08:58', '0', 'a'),
('588a3041-cb18-4629-8108-a17280b46bcb', 'B/BODY2-2021/IV/18/DGT02-1804', 44131, 14664, '2021-04-18', '2021-04-18', '16:45:00', '20:00:00', 'IMP', 'TES InPUT', '2021-04-18 00:34:38', '0', 'a'),
('58dd8be6-0506-4d1e-a41b-e83e87c48a61', 'B/BODY2-2021/IV/18/DGT02-1804', 44131, 66865, '2021-04-18', '2021-04-18', '08:45:00', '08:45:00', 'PRJ', 'kgkgkghafkgkgasfsfg tes lagi', '2021-04-18 01:38:15', '0', 'a'),
('58dff2b6-ac9e-4d98-9132-a9ebbc246347', 'B/BODY2-2021/IV/01/DGT02-1704', 44131, 65532, '2021-04-18', '2021-04-18', '00:45:00', '00:45:00', 'IMP', 'tes', '2021-04-17 18:13:08', '0', 'a'),
('59dc4ad9-6352-460c-a9b1-f773e7d3b07e', 'B/BODY2-2021/IV/18/DGT02-1804', 44131, 66868, '2021-04-18', '2021-04-18', '08:45:00', '08:45:00', 'PRJ', 'kgkgkghafkgkgasfsfg tes lagi', '2021-04-18 01:38:15', '0', 'a'),
('5b350809-0644-4cb6-a348-ca46e3e17284', 'B/BODY2-2021/IV/18/DGT02-1804', 44131, 66881, '2021-04-18', '2021-04-18', '16:45:00', '20:00:00', 'IMP', 'TES InPUT', '2021-04-18 00:34:38', '0', 'a'),
('5b97ba3f-6fe9-4d67-bf6a-74e16b8750d7', 'B/BODY2-2021/IV/18/DGT02-1804', 44131, 66863, '2021-04-18', '2021-04-18', '01:15:00', '01:15:00', 'IMP', 'tes 2', '2021-04-17 18:18:15', '0', 'a'),
('5ba63ca1-eba1-4e28-be6e-ff236e59fab5', 'B/BODY2-2021/IV/01/DGT02-1704', 44131, 66883, '2021-04-18', '2021-04-18', '00:45:00', '00:45:00', 'IMP', 'tes', '2021-04-17 18:08:58', '0', 'a'),
('60a288f1-46e2-4eaf-9945-5e11203224f1', 'B/BODY2-2021/IV/19/DGT02-1804', 44131, 44131, '2021-04-18', '2021-04-18', '13:45:00', '13:45:00', 'PRD', 'tes', '2021-04-18 06:34:31', '0', 'a'),
('610c8d08-8d00-4ef3-8160-0423835a80ed', 'B/BODY2-2021/IV/01/DGT02-1704', 44131, 66775, '2021-04-18', '2021-04-18', '00:45:00', '00:45:00', 'IMP', 'tes', '2021-04-17 18:13:08', '0', 'a'),
('61879772-1538-452b-819d-b92ac22e8ddd', 'B/BODY2-2021/IV/19/DGT02-1804', 44131, 66863, '2021-04-19', '2021-04-19', '14:45:00', '14:45:00', 'PRJ', 'Test lagi', '2021-04-18 07:32:45', '0', 'a'),
('64c55a09-6a73-4b4b-ac7b-7c69ce7b79da', 'B/BODY2-2021/IV/19/DGT02-1804', 44131, 66882, '2021-04-19', '2021-04-19', '14:45:00', '14:45:00', 'PRJ', 'Test lagi', '2021-04-18 07:32:46', '0', 'a'),
('6670b313-7ab8-4479-a55b-3a39e88887bd', 'B/BODY2-2021/IV/01/DGT02-1704', 44131, 19479, '2021-04-18', '2021-04-18', '00:45:00', '00:45:00', 'IMP', 'tes', '2021-04-17 18:08:58', '0', 'a'),
('669c593d-6736-46af-884c-f8177c9b6079', 'B/BODY2-2021/IV/01/DGT02-1704', 44131, 66881, '2021-04-18', '2021-04-18', '00:45:00', '00:45:00', 'IMP', 'tes', '2021-04-17 18:13:08', '0', 'a'),
('6796a69e-a715-4f74-b848-77947fbb2127', 'B/BODY2-2021/IV/19/DGT02-1804', 44131, 66772, '2021-04-18', '2021-04-18', '13:45:00', '13:45:00', 'PRD', 'tes', '2021-04-18 06:34:31', '0', 'a'),
('67c8c16f-daca-49f8-b820-664bb7b4410c', 'B/BODY2-2021/IV/13/DGT02-1804', 44131, 66877, '2021-04-18', '2021-04-18', '14:45:00', '14:45:00', 'PRD', 'kgkgkghafkgkgasfsfg', '2021-04-18 07:45:38', '0', 'a'),
('6845c963-7163-4eb9-8c05-700c34045bd4', 'B/BODY2-2021/IV/13/DGT02-1804', 44131, 66882, '2021-04-18', '2021-04-18', '14:45:00', '14:45:00', 'PRD', 'kgkgkghafkgkgasfsfg', '2021-04-18 07:45:38', '0', 'a'),
('687bdf87-68a1-431d-8b86-177cb252fc15', 'B/BODY2-2021/IV/19/DGT02-1804', 44131, 44131, '2021-04-19', '2021-04-19', '14:45:00', '14:45:00', 'PRJ', 'Test lagi', '2021-04-18 07:32:45', '0', 'a'),
('6add10b2-f7e8-470f-8431-9c1aa7aa2d1a', 'B/BODY2-2021/IV/18/DGT02-1804', 44131, 19479, '2021-04-18', '2021-04-18', '16:45:00', '20:00:00', 'IMP', 'TES InPUT', '2021-04-18 00:34:38', '0', 'a'),
('6e728fe9-6230-429b-b933-2e7d2b808c7e', 'B/BODY2-2021/IV/01/DGT02-1704', 44131, 62725, '2021-04-18', '2021-04-18', '00:45:00', '00:45:00', 'IMP', 'tes', '2021-04-17 18:08:58', '0', 'a'),
('70111906-a110-423b-9e68-cda8efaca064', 'B/BODY2-2021/IV/19/DGT02-1804', 44131, 12345, '2021-04-19', '2021-04-19', '14:45:00', '14:45:00', 'PRJ', 'Test lagi', '2021-04-18 07:32:45', '0', 'a'),
('719d82da-eb62-4990-b540-8cf7507d4f0a', 'B/BODY2-2021/IV/13/DGT02-1804', 44131, 66883, '2021-04-18', '2021-04-18', '14:45:00', '14:45:00', 'PRD', 'kgkgkghafkgkgasfsfg', '2021-04-18 07:45:38', '0', 'a'),
('71c13ad4-7f02-4d95-acd6-98cd2ff714a0', 'B/BODY2-2021/IV/01/DGT02-1704', 44131, 62725, '2021-04-18', '2021-04-18', '00:45:00', '00:45:00', 'IMP', 'tes', '2021-04-17 18:13:08', '0', 'a'),
('74496256-9316-4527-a329-11ef85d148b5', 'B/BODY2-2021/IV/19/DGT02-1804', 44131, 62725, '2021-04-18', '2021-04-18', '13:45:00', '13:45:00', 'PRD', 'tes', '2021-04-18 06:34:31', '0', 'a'),
('744988b4-7241-44da-b10d-76d03cc3b820', 'B/BODY2-2021/IV/01/DGT02-1704', 44131, 14664, '2021-04-18', '2021-04-18', '00:45:00', '00:45:00', 'IMP', 'tes', '2021-04-17 18:08:58', '0', 'a'),
('796652de-daee-451b-8d9b-26f8588fec3f', 'B/BODY2-2021/IV/18/DGT02-1804', 44131, 66774, '2021-04-18', '2021-04-18', '16:45:00', '20:00:00', 'IMP', 'TES InPUT', '2021-04-18 00:34:38', '0', 'a'),
('7c255911-94c6-49c9-b3fd-d8c1908c33cd', 'B/BODY2-2021/IV/18/DGT02-1804', 44131, 14585, '2021-04-18', '2021-04-18', '16:45:00', '20:00:00', 'IMP', 'TES InPUT', '2021-04-18 00:34:38', '0', 'a'),
('7df05595-4428-42b7-849e-20693b7bd57b', 'B/BODY2-2021/IV/18/DGT02-1804', 44131, 66866, '2021-04-18', '2021-04-18', '08:45:00', '08:45:00', 'PRJ', 'kgkgkghafkgkgasfsfg tes lagi', '2021-04-18 01:37:38', '0', 'a'),
('80925614-698b-42ae-8589-1b49c77bbe53', 'B/BODY2-2021/IV/01/DGT02-1704', 44131, 66863, '2021-04-18', '2021-04-18', '00:45:00', '00:45:00', 'IMP', 'tes', '2021-04-17 18:13:08', '0', 'a'),
('83f46b1f-80ef-48fb-b364-8a5d4dc5bde4', 'B/BODY2-2021/IV/19/DGT02-1804', 44131, 66880, '2021-04-19', '2021-04-19', '14:45:00', '14:45:00', 'PRJ', 'Test lagi', '2021-04-18 07:32:46', '0', 'a'),
('8b7ccab5-4bde-44b4-b470-59e66d0175b8', 'B/BODY2-2021/IV/19/DGT02-1804', 44131, 44444, '2021-04-19', '2021-04-19', '14:45:00', '14:45:00', 'PRJ', 'Test lagi', '2021-04-18 07:32:46', '0', 'a'),
('8b80fc67-4310-463d-a475-e55809ebb38c', 'B/BODY2-2021/IV/18/DGT02-1804', 44131, 66865, '2021-04-18', '2021-04-18', '01:15:00', '01:15:00', 'IMP', 'tes 2', '2021-04-17 18:18:15', '0', 'a'),
('8c8d4460-d7a2-43f4-a96d-fda874d4ed47', 'B/BODY2-2021/IV/19/DGT02-1804', 44131, 19479, '2021-04-19', '2021-04-19', '14:45:00', '14:45:00', 'PRJ', 'Test lagi', '2021-04-18 07:32:46', '0', 'a'),
('8d1bbbcf-0910-4dba-8a71-80b6f2e08aa3', 'B/BODY2-2021/IV/13/DGT02-1804', 44131, 66868, '2021-04-18', '2021-04-18', '14:45:00', '14:45:00', 'PRD', 'kgkgkghafkgkgasfsfg', '2021-04-18 07:45:38', '0', 'a'),
('8dea41ed-c035-445c-a043-88adb7d8652c', 'B/BODY2-2021/IV/13/DGT02-1804', 44131, 66865, '2021-04-18', '2021-04-18', '14:45:00', '14:45:00', 'PRD', 'kgkgkghafkgkgasfsfg', '2021-04-18 07:45:38', '0', 'a'),
('900c55c4-6450-4fe7-b14d-fdeb48beb19d', 'B/BODY2-2021/IV/19/DGT02-1804', 44131, 44444, '2021-04-18', '2021-04-18', '13:45:00', '13:45:00', 'PRD', 'tes', '2021-04-18 06:34:31', '0', 'a'),
('92be1bd2-71a7-441e-be17-196b44b23241', 'B/BODY2-2021/IV/13/DGT02-1804', 44131, 14585, '2021-04-18', '2021-04-18', '14:45:00', '14:45:00', 'PRD', 'kgkgkghafkgkgasfsfg', '2021-04-18 07:45:38', '0', 'a'),
('9342c01c-4d30-429e-9677-ce23c4a206b0', 'B/BODY2-2021/IV/19/DGT02-1804', 44131, 66771, '2021-04-18', '2021-04-18', '13:45:00', '13:45:00', 'PRD', 'tes', '2021-04-18 06:34:31', '0', 'a'),
('953247b5-fb13-403d-956a-209a2c9b5f39', 'B/BODY2-2021/IV/18/DGT02-1804', 44131, 7364, '2021-04-18', '2021-04-18', '16:45:00', '20:00:00', 'IMP', 'TES InPUT', '2021-04-18 00:34:38', '0', 'a'),
('98700f0a-b2d7-4d29-9e2b-e3f7ea1a6e05', 'B/BODY2-2021/IV/01/DGT02-1704', 44131, 12001, '2021-04-18', '2021-04-18', '00:45:00', '00:45:00', 'IMP', 'tes', '2021-04-17 18:13:08', '0', 'a'),
('98bd8ed3-6548-4cd0-8a7c-81f76d2ee0f0', 'B/BODY2-2021/IV/13/DGT02-1804', 44131, 65537, '2021-04-18', '2021-04-18', '14:45:00', '14:45:00', 'PRD', 'kgkgkghafkgkgasfsfg', '2021-04-18 07:45:38', '0', 'a'),
('98dc80eb-2ce9-46c9-b419-a2ebf86d3708', 'B/BODY2-2021/IV/01/DGT02-1704', 44131, 66883, '2021-04-18', '2021-04-18', '00:45:00', '00:45:00', 'IMP', 'tes', '2021-04-17 18:13:08', '0', 'a'),
('99a06845-0382-4f06-be0b-5e534f3b948a', 'B/BODY2-2021/IV/18/DGT02-1804', 44131, 66863, '2021-04-18', '2021-04-18', '01:15:00', '01:15:00', 'IMP', 'tes 2', '2021-04-17 18:17:58', '0', 'a'),
('9cfca5b2-3b19-4721-9005-b1a36b07e9ce', 'B/BODY2-2021/IV/01/DGT02-1704', 44131, 44131, '2021-04-18', '2021-04-18', '00:45:00', '00:45:00', 'IMP', 'tes', '2021-04-17 18:13:08', '0', 'a'),
('9d36713d-0323-4e3e-adcf-c5cee3949456', 'B/BODY2-2021/IV/13/DGT02-1804', 44131, 7364, '2021-04-18', '2021-04-18', '14:45:00', '14:45:00', 'PRD', 'kgkgkghafkgkgasfsfg', '2021-04-18 07:45:38', '0', 'a'),
('9ead667b-6c58-4f3a-a6f6-8a999622cb56', 'B/BODY2-2021/IV/13/DGT02-1804', 44131, 66866, '2021-04-18', '2021-04-18', '14:45:00', '14:45:00', 'PRD', 'kgkgkghafkgkgasfsfg', '2021-04-18 07:45:38', '0', 'a'),
('9efdd4f0-7634-413e-a25d-05b9edc1f0f6', 'B/BODY2-2021/IV/18/DGT02-1804', 44131, 62725, '2021-04-18', '2021-04-18', '16:45:00', '20:00:00', 'IMP', 'TES InPUT', '2021-04-18 00:34:38', '0', 'a'),
('a20b4bce-16a6-4170-a32e-36398d5182fe', 'B/BODY2-2021/IV/01/DGT02-1704', 44131, 66775, '2021-04-18', '2021-04-18', '00:45:00', '00:45:00', 'IMP', 'tes', '2021-04-17 18:08:58', '0', 'a'),
('a4263d9a-6ae3-447f-92cd-f1ba132aee97', 'B/BODY2-2021/IV/19/DGT02-1804', 44131, 40628, '2021-04-18', '2021-04-18', '13:45:00', '13:45:00', 'PRD', 'tes', '2021-04-18 06:34:31', '0', 'a'),
('a60186c4-8e24-4860-9475-c56b921e731b', 'B/BODY2-2021/IV/01/DGT02-1704', 44131, 14585, '2021-04-18', '2021-04-18', '00:45:00', '00:45:00', 'IMP', 'tes', '2021-04-17 18:08:58', '0', 'a'),
('a737cc8a-a920-4ebc-a0aa-6439255e5efb', 'B/BODY2-2021/IV/19/DGT02-1804', 44131, 7364, '2021-04-18', '2021-04-18', '13:45:00', '13:45:00', 'PRD', 'tes', '2021-04-18 06:34:31', '0', 'a'),
('a75c9236-4729-4845-b227-dba39f1ede81', 'B/BODY2-2021/IV/19/DGT02-1804', 44131, 66881, '2021-04-19', '2021-04-19', '14:45:00', '14:45:00', 'PRJ', 'Test lagi', '2021-04-18 07:32:46', '0', 'a'),
('a8ba411e-0814-4a53-ade2-0eab04c7058c', 'B/BODY2-2021/IV/18/DGT02-1804', 44131, 66883, '2021-04-18', '2021-04-18', '16:45:00', '20:00:00', 'IMP', 'TES InPUT', '2021-04-18 00:34:38', '0', 'a'),
('a8f509a9-5b20-4b9e-bd99-464aeb92af2b', 'B/BODY2-2021/IV/13/DGT02-1804', 44131, 44131, '2021-04-18', '2021-04-18', '14:45:00', '14:45:00', 'PRD', 'kgkgkghafkgkgasfsfg', '2021-04-18 07:45:38', '0', 'a'),
('a8fdb457-0364-4662-8238-98296856dc78', 'B/BODY2-2021/IV/19/DGT02-1804', 44131, 66868, '2021-04-18', '2021-04-18', '13:45:00', '13:45:00', 'PRD', 'tes', '2021-04-18 06:34:31', '0', 'a'),
('aec3aa52-3318-4471-a002-0d4517af0b0d', 'B/BODY2-2021/IV/19/DGT02-1804', 44131, 66775, '2021-04-18', '2021-04-18', '13:45:00', '13:45:00', 'PRD', 'tes', '2021-04-18 06:34:31', '0', 'a'),
('af2bfc11-bd33-479a-a9cd-3e13c3c58b56', 'B/BODY2-2021/IV/01/DGT02-1704', 44131, 44131, '2021-04-18', '2021-04-18', '00:45:00', '00:45:00', 'IMP', 'tes', '2021-04-17 18:08:58', '0', 'a'),
('afe238f7-3e06-4505-a9d0-916ff9e4e39b', 'B/BODY2-2021/IV/18/DGT02-1804', 44131, 66865, '2021-04-18', '2021-04-18', '01:15:00', '01:15:00', 'IMP', 'tes 2', '2021-04-17 18:18:58', '0', 'a'),
('b0f485c3-b312-4e1f-b24c-f7df5a593742', 'B/BODY2-2021/IV/01/DGT02-1704', 44131, 66882, '2021-04-18', '2021-04-18', '00:45:00', '00:45:00', 'IMP', 'tes', '2021-04-17 18:13:08', '0', 'a'),
('b3a9f78d-13dc-4062-8c1d-c08b946d7c27', 'B/BODY2-2021/IV/01/DGT02-1704', 44131, 66877, '2021-04-18', '2021-04-18', '00:45:00', '00:45:00', 'IMP', 'tes', '2021-04-17 18:08:58', '0', 'a'),
('b5e2cfaf-e036-465e-a75c-564e9f584a24', 'B/BODY2-2021/IV/01/DGT02-1704', 44131, 66865, '2021-04-18', '2021-04-18', '00:45:00', '00:45:00', 'IMP', 'tes', '2021-04-17 18:08:58', '0', 'a'),
('b77f2891-3db0-4f9a-82f6-456195b7240c', 'B/BODY2-2021/IV/18/DGT02-1804', 44131, 66882, '2021-04-18', '2021-04-18', '16:45:00', '20:00:00', 'IMP', 'TES InPUT', '2021-04-18 00:34:38', '0', 'a'),
('b815c6dd-bcfa-4f3e-8f49-9688f15c8645', 'B/BODY2-2021/IV/19/DGT02-1804', 44131, 66866, '2021-04-19', '2021-04-19', '14:45:00', '14:45:00', 'PRJ', 'Test lagi', '2021-04-18 07:32:45', '0', 'a'),
('bab19ea2-46be-478f-91f1-050879c13202', 'B/BODY2-2021/IV/13/DGT02-1804', 44131, 66863, '2021-04-18', '2021-04-18', '14:45:00', '14:45:00', 'PRD', 'kgkgkghafkgkgasfsfg', '2021-04-18 07:45:38', '0', 'a'),
('bb0fc26b-42bb-4fbe-bf96-9496503b3b40', 'B/BODY2-2021/IV/13/DGT02-1804', 44131, 66879, '2021-04-18', '2021-04-18', '14:45:00', '14:45:00', 'PRD', 'kgkgkghafkgkgasfsfg', '2021-04-18 07:45:38', '0', 'a'),
('bb1e1f1e-fd0d-479f-a49d-43b7f3c03a6b', 'B/BODY2-2021/IV/18/DGT02-1804', 44131, 66863, '2021-04-18', '2021-04-18', '16:45:00', '20:00:00', 'IMP', 'TES InPUT', '2021-04-18 00:34:38', '0', 'a'),
('bb4f5a67-6342-46b0-8e15-c357ffbebbb4', 'B/BODY2-2021/IV/19/DGT02-1804', 44131, 12345, '2021-04-18', '2021-04-18', '13:45:00', '13:45:00', 'PRD', 'tes', '2021-04-18 06:34:31', '0', 'a'),
('bdd12a3c-a4dd-4f60-8950-e25e2ce3d25a', 'B/BODY2-2021/IV/01/DGT02-1704', 44131, 66879, '2021-04-18', '2021-04-18', '00:45:00', '00:45:00', 'IMP', 'tes', '2021-04-17 18:13:08', '0', 'a'),
('bddb63a7-041c-4ae9-acc0-e0d8f10356b4', 'B/BODY2-2021/IV/01/DGT02-1704', 44131, 66881, '2021-04-18', '2021-04-18', '00:45:00', '00:45:00', 'IMP', 'tes', '2021-04-17 18:08:58', '0', 'a'),
('bddd79c5-e076-46df-9fad-aeb7863f394d', 'B/BODY2-2021/IV/18/DGT02-1804', 44131, 66878, '2021-04-18', '2021-04-18', '16:45:00', '20:00:00', 'IMP', 'TES InPUT', '2021-04-18 00:34:38', '0', 'a'),
('be4df4f6-49d3-44e1-a0a0-e6bd4e9e8722', 'B/BODY2-2021/IV/18/DGT02-1804', 44131, 66771, '2021-04-18', '2021-04-18', '16:45:00', '20:00:00', 'IMP', 'TES InPUT', '2021-04-18 00:34:38', '0', 'a'),
('beedd149-e765-44e8-82f0-b4fe82cd84e9', 'B/BODY2-2021/IV/01/DGT02-1704', 44131, 66868, '2021-04-18', '2021-04-18', '00:45:00', '00:45:00', 'IMP', 'tes', '2021-04-17 18:13:08', '0', 'a'),
('c2b96bba-8f47-4306-a7cf-57d13d627139', 'B/BODY2-2021/IV/13/DGT02-1804', 44131, 14664, '2021-04-18', '2021-04-18', '14:45:00', '14:45:00', 'PRD', 'kgkgkghafkgkgasfsfg', '2021-04-18 07:45:38', '0', 'a'),
('c3c9fb6a-1cbc-4be6-a1ba-0bfef66f2044', 'B/BODY2-2021/IV/19/DGT02-1804', 44131, 66772, '2021-04-19', '2021-04-19', '14:45:00', '14:45:00', 'PRJ', 'Test lagi', '2021-04-18 07:32:46', '0', 'a'),
('c46daa7e-5426-4668-a743-962551a73b53', 'B/BODY2-2021/IV/01/DGT02-1704', 44131, 66865, '2021-04-18', '2021-04-18', '00:45:00', '00:45:00', 'IMP', 'tes', '2021-04-17 18:13:08', '0', 'a'),
('c4ee8e41-47f0-49cd-90dc-ebf3fb25cd63', 'B/BODY2-2021/IV/19/DGT02-1804', 44131, 65537, '2021-04-19', '2021-04-19', '14:45:00', '14:45:00', 'PRJ', 'Test lagi', '2021-04-18 07:32:45', '0', 'a'),
('c5201ff9-e4a9-44c0-a4dc-c2c8c0f79b05', 'B/BODY2-2021/IV/18/DGT02-1804', 44131, 66772, '2021-04-18', '2021-04-18', '16:45:00', '20:00:00', 'IMP', 'TES InPUT', '2021-04-18 00:34:38', '0', 'a'),
('c8585825-db31-44e1-aa2a-a7cddc21f3ad', 'B/BODY2-2021/IV/19/DGT02-1804', 44131, 65532, '2021-04-19', '2021-04-19', '14:45:00', '14:45:00', 'PRJ', 'Test lagi', '2021-04-18 07:32:46', '0', 'a'),
('ca48863a-ca92-4a32-8cb0-3a4686480b68', 'B/BODY2-2021/IV/13/DGT02-1804', 44131, 40628, '2021-04-18', '2021-04-18', '14:45:00', '14:45:00', 'PRD', 'kgkgkghafkgkgasfsfg', '2021-04-18 07:45:38', '0', 'a'),
('cbf31141-8a30-4bf1-974b-244091be93a2', 'B/BODY2-2021/IV/01/DGT02-1704', 44131, 40628, '2021-04-18', '2021-04-18', '00:45:00', '00:45:00', 'IMP', 'tes', '2021-04-17 18:13:08', '0', 'a'),
('cfd88422-fe6e-483e-aff9-abaedba86af0', 'B/BODY2-2021/IV/01/DGT02-1704', 44131, 66774, '2021-04-18', '2021-04-18', '00:45:00', '00:45:00', 'IMP', 'tes', '2021-04-17 18:13:08', '0', 'a'),
('d1a416b4-103d-400b-bc90-ef3d5696d7d7', 'B/BODY2-2021/IV/19/DGT02-1804', 44131, 66883, '2021-04-19', '2021-04-19', '14:45:00', '14:45:00', 'PRJ', 'Test lagi', '2021-04-18 07:32:46', '0', 'a'),
('d300140a-1781-4f77-a924-02f90e2ed5e8', 'B/BODY2-2021/IV/19/DGT02-1804', 44131, 66881, '2021-04-18', '2021-04-18', '13:45:00', '13:45:00', 'PRD', 'tes', '2021-04-18 06:34:31', '0', 'a'),
('d30244d2-d6b0-4a60-a1d1-32cf8e9485b5', 'B/BODY2-2021/IV/19/DGT02-1804', 44131, 66866, '2021-04-18', '2021-04-18', '13:45:00', '13:45:00', 'PRD', 'tes', '2021-04-18 06:34:31', '0', 'a'),
('d46100df-5fa4-415c-b4ae-15e8c49534f3', 'B/BODY2-2021/IV/13/DGT02-1804', 44131, 66878, '2021-04-18', '2021-04-18', '14:45:00', '14:45:00', 'PRD', 'kgkgkghafkgkgasfsfg', '2021-04-18 07:45:38', '0', 'a'),
('d6e9e3e8-a86c-4bc4-bcfc-489ccc33d908', 'B/BODY2-2021/IV/01/DGT02-1704', 44131, 66866, '2021-04-18', '2021-04-18', '00:45:00', '00:45:00', 'IMP', 'tes', '2021-04-17 18:13:08', '0', 'a'),
('d8ea3148-4180-4042-97e3-fd6798ad3ef3', 'B/BODY2-2021/IV/19/DGT02-1804', 44131, 66879, '2021-04-19', '2021-04-19', '14:45:00', '14:45:00', 'PRJ', 'Test lagi', '2021-04-18 07:32:46', '0', 'a'),
('d9b08900-d6b8-4ad4-b752-dcd444c4b87b', 'B/BODY2-2021/IV/19/DGT02-1804', 44131, 65537, '2021-04-18', '2021-04-18', '13:45:00', '13:45:00', 'PRD', 'tes', '2021-04-18 06:34:31', '0', 'a'),
('dabae512-f7b0-4fa9-adef-c37182c86f7c', 'B/BODY2-2021/IV/13/DGT02-1804', 44131, 62725, '2021-04-18', '2021-04-18', '14:45:00', '14:45:00', 'PRD', 'kgkgkghafkgkgasfsfg', '2021-04-18 07:45:38', '0', 'a'),
('dc738786-36a4-4610-a6d0-2428e6f321aa', 'B/BODY2-2021/IV/01/DGT02-1704', 44131, 12345, '2021-04-18', '2021-04-18', '00:45:00', '00:45:00', 'IMP', 'tes', '2021-04-17 18:13:08', '0', 'a'),
('dc807e8f-0e2b-49c7-97e6-1e77368cb3fb', 'B/BODY2-2021/IV/19/DGT02-1804', 44131, 12001, '2021-04-19', '2021-04-19', '14:45:00', '14:45:00', 'PRJ', 'Test lagi', '2021-04-18 07:32:46', '0', 'a'),
('de72065a-6d56-47ea-b2df-6043b2366b73', 'B/BODY2-2021/IV/18/DGT02-1804', 44131, 66877, '2021-04-18', '2021-04-18', '16:45:00', '20:00:00', 'IMP', 'TES InPUT', '2021-04-18 00:34:38', '0', 'a'),
('e9884a58-2513-4454-9026-0d5200e325d2', 'B/BODY2-2021/IV/01/DGT02-1704', 44131, 66771, '2021-04-18', '2021-04-18', '00:45:00', '00:45:00', 'IMP', 'tes', '2021-04-17 18:13:08', '0', 'a'),
('ead86dde-6c62-44d0-a8a1-104d6eefb183', 'B/BODY2-2021/IV/01/DGT02-1704', 44131, 14585, '2021-04-18', '2021-04-18', '00:45:00', '00:45:00', 'IMP', 'tes', '2021-04-17 18:13:08', '0', 'a'),
('eaec444d-2bb1-42bf-a638-e98bace03db6', 'B/BODY2-2021/IV/13/DGT02-1804', 44131, 19479, '2021-04-18', '2021-04-18', '14:45:00', '14:45:00', 'PRD', 'kgkgkghafkgkgasfsfg', '2021-04-18 07:45:38', '0', 'a'),
('f0400014-d811-4775-b915-01958b5189cc', 'B/BODY2-2021/IV/13/DGT02-1804', 44131, 44444, '2021-04-18', '2021-04-18', '14:45:00', '14:45:00', 'PRD', 'kgkgkghafkgkgasfsfg', '2021-04-18 07:45:38', '0', 'a'),
('f1e9b8cd-28af-44a7-afdb-77ecc74323dd', 'B/BODY2-2021/IV/18/DGT02-1804', 44131, 12001, '2021-04-18', '2021-04-18', '16:45:00', '20:00:00', 'IMP', 'TES InPUT', '2021-04-18 00:34:38', '0', 'a'),
('f3f40828-2cfb-439b-85ce-49bd10289016', 'B/BODY2-2021/IV/18/DGT02-1804', 44131, 66863, '2021-04-18', '2021-04-18', '01:15:00', '01:15:00', 'IMP', 'tes 2', '2021-04-17 18:14:21', '0', 'a'),
('f4064da8-7f7b-41a3-bb98-3af7620016ae', 'B/BODY2-2021/IV/19/DGT02-1804', 44131, 66883, '2021-04-18', '2021-04-18', '13:45:00', '13:45:00', 'PRD', 'tes', '2021-04-18 06:34:31', '0', 'a'),
('f448b8ae-0b9a-4715-8f27-7e0640ccec6c', 'B/BODY2-2021/IV/18/DGT02-1804', 44131, 66775, '2021-04-18', '2021-04-18', '16:45:00', '20:00:00', 'IMP', 'TES InPUT', '2021-04-18 00:34:38', '0', 'a'),
('f516a0b5-e6e3-49aa-8e2a-7c8e193669a5', 'B/BODY2-2021/IV/01/DGT02-1704', 44131, 66866, '2021-04-18', '2021-04-18', '00:45:00', '00:45:00', 'IMP', 'tes', '2021-04-17 18:08:58', '0', 'a'),
('f640e1a5-6442-4b95-a4a8-ea4f87a2de62', 'B/BODY2-2021/IV/01/DGT02-1704', 44131, 19479, '2021-04-18', '2021-04-18', '00:45:00', '00:45:00', 'IMP', 'tes', '2021-04-17 18:13:08', '0', 'a'),
('fa55e4bb-db84-4a7c-96a4-8184b4949f32', 'B/BODY2-2021/IV/13/DGT02-1804', 44131, 12001, '2021-04-18', '2021-04-18', '14:45:00', '14:45:00', 'PRD', 'kgkgkghafkgkgasfsfg', '2021-04-18 07:45:38', '0', 'a'),
('fbd4010b-7a22-430d-b625-f8b2d2552159', 'B/BODY2-2021/IV/19/DGT02-1804', 44131, 7364, '2021-04-19', '2021-04-19', '14:45:00', '14:45:00', 'PRJ', 'Test lagi', '2021-04-18 07:32:46', '0', 'a'),
('fc85cd72-949b-4271-9ada-bca57ffa5ee8', 'B/BODY2-2021/IV/18/DGT02-1804', 44131, 66868, '2021-04-18', '2021-04-18', '08:45:00', '08:45:00', 'PRJ', 'kgkgkghafkgkgasfsfg tes lagi', '2021-04-18 01:37:38', '0', 'a'),
('fcd61cf2-5e7f-4ed4-880f-d765f73a9bd4', 'B/BODY2-2021/IV/01/DGT02-1704', 44131, 7364, '2021-04-18', '2021-04-18', '00:45:00', '00:45:00', 'IMP', 'tes', '2021-04-17 18:08:58', '0', 'a'),
('fd1b02e7-13ea-42cd-8064-3f3acd76a81f', 'B/BODY2-2021/IV/19/DGT02-1804', 44131, 66879, '2021-04-18', '2021-04-18', '13:45:00', '13:45:00', 'PRD', 'tes', '2021-04-18 06:34:31', '0', 'a'),
('fdaf7d63-4abe-42a2-8c30-4302fc61dad1', 'B/BODY2-2021/IV/01/DGT02-1704', 44131, 7364, '2021-04-18', '2021-04-18', '00:45:00', '00:45:00', 'IMP', 'tes', '2021-04-17 18:13:08', '0', 'a');

-- --------------------------------------------------------

--
-- Struktur dari tabel `pos`
--

CREATE TABLE `pos` (
  `id_post` varchar(50) NOT NULL,
  `nama` varchar(20) NOT NULL,
  `npk_cord` int(10) NOT NULL,
  `id_pos_leader` varchar(50) NOT NULL
) ENGINE=InnoDB DEFAULT CHARSET=utf8mb4;

--
-- Dumping data untuk tabel `pos`
--

INSERT INTO `pos` (`id_post`, `nama`, `npk_cord`, `id_pos_leader`) VALUES
('DGT-002-001', 'DIG HR', 44131, 'DGT-002'),
('DGT-002-002', 'DIG HR 2', 44131, 'DGT-002');

-- --------------------------------------------------------

--
-- Struktur dari tabel `pos_leader`
--

CREATE TABLE `pos_leader` (
  `id_post` varchar(5) NOT NULL,
  `nama_pos` varchar(40) NOT NULL,
  `npk_cord` int(6) NOT NULL,
  `id_group` varchar(10) NOT NULL
) ENGINE=InnoDB DEFAULT CHARSET=latin1;

--
-- Dumping data untuk tabel `pos_leader`
--

INSERT INTO `pos_leader` (`id_post`, `nama_pos`, `npk_cord`, `id_group`) VALUES
('ANN01', 'QUALITY ANALIS', 44444, 'QT-AN1'),
('DGT01', 'Digitalisasi 1', 40628, 'PJ-DGT'),
('DGT02', 'Digitalisasi 2', 44131, 'PJ-DGT'),
('UFA01', 'UNDER FRONT 1', 12001, 'PR-UFA'),
('UFB01', 'UNDER FRONT 1', 12345, 'PR-UFB');

-- --------------------------------------------------------

--
-- Struktur dari tabel `section`
--

CREATE TABLE `section` (
  `id_section` varchar(10) NOT NULL,
  `section` varchar(40) NOT NULL,
  `npk_cord` int(6) NOT NULL,
  `id_dept` varchar(10) NOT NULL
) ENGINE=InnoDB DEFAULT CHARSET=latin1;

--
-- Dumping data untuk tabel `section`
--

INSERT INTO `section` (`id_section`, `section`, `npk_cord`, `id_dept`) VALUES
('PJ-001', 'PROJECT DnA & CnA', 7263, 'PJ'),
('PJ-002', 'KOMITE 4S & SAFETY', 7101, 'PJ'),
('PJ-003', 'PROJECT FACILITY', 14584, 'PJ'),
('PJ-004', 'PERFORMANCE MANAGEMENT', 56715, 'HR'),
('PR-A01', 'PRODUCTION 1A', 24477, 'PR'),
('PR-A02', 'PRODUCTION 1B', 19654, 'PR'),
('PR-A03', 'PRODUCTION 2A', 62579, 'PR'),
('PR-A04', 'PRODUCTION 2B', 63115, 'PR'),
('QT-001', 'ACCURACY ANALIST', 65698, 'QT'),
('QT-002', 'JIG & BUDGET MANAGEMENT', 66825, 'QT'),
('QT-003', 'OUTHOUSE SUPPORT', 6949, 'QT'),
('QT-004', 'PEOPLE DEV & COST CONTROL', 20269, 'QT'),
('QT-005', 'PRODUCTION PREPARATION', 6947, 'PR');

-- --------------------------------------------------------

--
-- Struktur dari tabel `shift`
--

CREATE TABLE `shift` (
  `id_shift` varchar(2) NOT NULL,
  `shift` varchar(10) NOT NULL
) ENGINE=InnoDB DEFAULT CHARSET=utf8mb4;

--
-- Dumping data untuk tabel `shift`
--

INSERT INTO `shift` (`id_shift`, `shift`) VALUES
('A', 'SHIFT A'),
('B', 'SHIFT B'),
('N', 'SHIFT N');

-- --------------------------------------------------------

--
-- Struktur dari tabel `shifting`
--

CREATE TABLE `shifting` (
  `id` int(3) NOT NULL,
  `name_code` varchar(10) NOT NULL,
  `count_day` int(11) NOT NULL
) ENGINE=InnoDB DEFAULT CHARSET=utf8mb4;

--
-- Dumping data untuk tabel `shifting`
--

INSERT INTO `shifting` (`id`, `name_code`, `count_day`) VALUES
(1, '7 Days', 7);

-- --------------------------------------------------------

--
-- Struktur dari tabel `user_role`
--

CREATE TABLE `user_role` (
  `id_role` varchar(10) NOT NULL,
  `role_name` varchar(50) NOT NULL,
  `level` int(11) NOT NULL
) ENGINE=InnoDB DEFAULT CHARSET=utf8mb4;

--
-- Dumping data untuk tabel `user_role`
--

INSERT INTO `user_role` (`id_role`, `role_name`, `level`) VALUES
('ad', 'Department Administrator', 6),
('as', 'System Administrator', 8),
('fr', 'Foreman', 3),
('gu', 'General User', 1),
('mg', 'Management', 5),
('sa', 'Super Admin', 7),
('sh', 'Section Head', 4),
('su', 'Special User', 2);

-- --------------------------------------------------------

--
-- Struktur dari tabel `working_hours`
--

CREATE TABLE `working_hours` (
  `id` int(3) NOT NULL,
  `code_name` varchar(5) NOT NULL,
  `start` time NOT NULL,
  `end` time NOT NULL
) ENGINE=InnoDB DEFAULT CHARSET=utf8mb4;

--
-- Dumping data untuk tabel `working_hours`
--

INSERT INTO `working_hours` (`id`, `code_name`, `start`, `end`) VALUES
(1, 'pagi', '07:15:00', '16:00:00'),
(2, 'malam', '21:00:00', '04:30:00');

-- --------------------------------------------------------

--
-- Struktur dari tabel `working_scheme`
--

CREATE TABLE `working_scheme` (
  `id_scheme` varchar(50) NOT NULL,
  `shift` varchar(3) NOT NULL,
  `working_hours` int(3) NOT NULL,
  `shifting` int(1) NOT NULL,
  `effective_date` date NOT NULL
) ENGINE=InnoDB DEFAULT CHARSET=utf8mb4;

--
-- Dumping data untuk tabel `working_scheme`
--

INSERT INTO `working_scheme` (`id_scheme`, `shift`, `working_hours`, `shifting`, `effective_date`) VALUES
('b47bf9e0-a017-11eb-a8ec-c82a1415bde6', 'A', 1, 1, '2021-04-04'),
('b47c32ac-a017-11eb-a8ec-c82a1415bde6', 'B', 2, 1, '2021-04-04');

--
-- Indexes for dumped tables
--

--
-- Indeks untuk tabel `absensi`
--
ALTER TABLE `absensi`
  ADD PRIMARY KEY (`npk`);

--
-- Indeks untuk tabel `attendance_code`
--
ALTER TABLE `attendance_code`
  ADD PRIMARY KEY (`kode`);

--
-- Indeks untuk tabel `company`
--
ALTER TABLE `company`
  ADD PRIMARY KEY (`id_company`);

--
-- Indeks untuk tabel `data_user`
--
ALTER TABLE `data_user`
  ADD PRIMARY KEY (`id_user`);

--
-- Indeks untuk tabel `department`
--
ALTER TABLE `department`
  ADD PRIMARY KEY (`id_dept`);

--
-- Indeks untuk tabel `dept_account`
--
ALTER TABLE `dept_account`
  ADD PRIMARY KEY (`id_dept_account`);

--
-- Indeks untuk tabel `division`
--
ALTER TABLE `division`
  ADD PRIMARY KEY (`id_div`);

--
-- Indeks untuk tabel `groupfrm`
--
ALTER TABLE `groupfrm`
  ADD PRIMARY KEY (`id_group`);

--
-- Indeks untuk tabel `jabatan`
--
ALTER TABLE `jabatan`
  ADD PRIMARY KEY (`id_jabatan`);

--
-- Indeks untuk tabel `karyawan`
--
ALTER TABLE `karyawan`
  ADD PRIMARY KEY (`npk`);

--
-- Indeks untuk tabel `kode_lembur`
--
ALTER TABLE `kode_lembur`
  ADD PRIMARY KEY (`kode_lembur`);

--
-- Indeks untuk tabel `lembur`
--
ALTER TABLE `lembur`
  ADD PRIMARY KEY (`_id`);

--
-- Indeks untuk tabel `pos`
--
ALTER TABLE `pos`
  ADD PRIMARY KEY (`id_post`);

--
-- Indeks untuk tabel `pos_leader`
--
ALTER TABLE `pos_leader`
  ADD PRIMARY KEY (`id_post`);

--
-- Indeks untuk tabel `section`
--
ALTER TABLE `section`
  ADD PRIMARY KEY (`id_section`);

--
-- Indeks untuk tabel `shift`
--
ALTER TABLE `shift`
  ADD PRIMARY KEY (`id_shift`);

--
-- Indeks untuk tabel `shifting`
--
ALTER TABLE `shifting`
  ADD PRIMARY KEY (`id`);

--
-- Indeks untuk tabel `user_role`
--
ALTER TABLE `user_role`
  ADD PRIMARY KEY (`id_role`);

--
-- Indeks untuk tabel `working_hours`
--
ALTER TABLE `working_hours`
  ADD PRIMARY KEY (`id`);

--
-- Indeks untuk tabel `working_scheme`
--
ALTER TABLE `working_scheme`
  ADD PRIMARY KEY (`id_scheme`);
COMMIT;

/*!40101 SET CHARACTER_SET_CLIENT=@OLD_CHARACTER_SET_CLIENT */;
/*!40101 SET CHARACTER_SET_RESULTS=@OLD_CHARACTER_SET_RESULTS */;
/*!40101 SET COLLATION_CONNECTION=@OLD_COLLATION_CONNECTION */;
